school_key,school_name,sido,sgg,school_level,student_count,candidate_name,feature_family,forecasting_strategy,target_type,model,param_set,params,base_year,target_year,horizon,base_student_count,actual_student_count,predicted_student_count,abs_error,predicted_delta,predicted_decline_rate,error
대구|수성구|초등학교|대구동천초등학교|본교,대구동천초등학교,대구,수성구,초등학교,1127.0,R3_multioutput_1to5_incremental_delta_HistGradientBoostingRegressor_hgb_05_deeper_regularized,R3,multioutput_1to5,incremental_delta,HistGradientBoostingRegressor,hgb_05_deeper_regularized,"{'max_iter': 120, 'max_leaf_nodes': 31, 'learning_rate': 0.04, 'l2_regularization': 0.1}",2018,2023,5,1127.0,1722.0,1112.5524828916718,609.4475171083282,-14.447517108328157,-0.012819447301089757,-609.4475171083282
경기|안산시|초등학교|관산초등학교|본교,관산초등학교,경기,안산시,초등학교,697.0,R3_multioutput_1to5_incremental_delta_HistGradientBoostingRegressor_hgb_05_deeper_regularized,R3,multioutput_1to5,incremental_delta,HistGradientBoostingRegressor,hgb_05_deeper_regularized,"{'max_iter': 120, 'max_leaf_nodes': 31, 'learning_rate': 0.04, 'l2_regularization': 0.1}",2018,2023,5,697.0,1145.0,553.7512340633149,591.2487659366851,-143.24876593668512,-0.20552190234818524,-591.2487659366851
충남|아산시|중학교|탕정중학교|본교,탕정중학교,충남,아산시,중학교,844.0,R3_multioutput_1to5_incremental_delta_HistGradientBoostingRegressor_hgb_05_deeper_regularized,R3,multioutput_1to5,incremental_delta,HistGradientBoostingRegressor,hgb_05_deeper_regularized,"{'max_iter': 120, 'max_leaf_nodes': 31, 'learning_rate': 0.04, 'l2_regularization': 0.1}",2019,2024,5,844.0,1446.0,874.8085587705713,571.1914412294287,30.808558770571267,0.03650303171868634,-571.1914412294287
경남|창원시|초등학교|의창초등학교|본교,의창초등학교,경남,창원시,초등학교,1324.0,R3_multioutput_1to5_incremental_delta_HistGradientBoostingRegressor_hgb_05_deeper_regularized,R3,multioutput_1to5,incremental_delta,HistGradientBoostingRegressor,hgb_05_deeper_regularized,"{'max_iter': 120, 'max_leaf_nodes': 31, 'learning_rate': 0.04, 'l2_regularization': 0.1}",2020,2025,5,1324.0,1738.0,1190.1805256746504,547.8194743253496,-133.81947432534957,-0.10107211051763564,-547.8194743253496
대전|대덕구|초등학교|대전새여울초등학교|본교,대전새여울초등학교,대전,대덕구,초등학교,487.0,R3_multioutput_1to5_incremental_delta_HistGradientBoostingRegressor_hgb_05_deeper_regularized,R3,multioutput_1to5,incremental_delta,HistGradientBoostingRegressor,hgb_05_deeper_regularized,"{'max_iter': 120, 'max_leaf_nodes': 31, 'learning_rate': 0.04, 'l2_regularization': 0.1}",2017,2022,5,487.0,1058.0,511.5905151059739,546.409484894026,24.590515105973907,0.05049387085415587,-546.409484894026
대구|달서구|초등학교|대구장동초등학교|본교,대구장동초등학교,대구,달서구,초등학교,886.0,R3_multioutput_1to5_incremental_delta_HistGradientBoostingRegressor_hgb_05_deeper_regularized,R3,multioutput_1to5,incremental_delta,HistGradientBoostingRegressor,hgb_05_deeper_regularized,"{'max_iter': 120, 'max_leaf_nodes': 31, 'learning_rate': 0.04, 'l2_regularization': 0.1}",2020,2025,5,886.0,1288.0,751.4575157745763,536.5424842254237,-134.54248422542366,-0.15185381966752107,-536.5424842254237
강원|춘천시|초등학교|부안초등학교|본교,부안초등학교,강원,춘천시,초등학교,484.0,R3_multioutput_1to5_incremental_delta_HistGradientBoostingRegressor_hgb_05_deeper_regularized,R3,multioutput_1to5,incremental_delta,HistGradientBoostingRegressor,hgb_05_deeper_regularized,"{'max_iter': 120, 'max_leaf_nodes': 31, 'learning_rate': 0.04, 'l2_regularization': 0.1}",2018,2023,5,484.0,940.0,411.9623063774861,528.0376936225139,-72.03769362251393,-0.14883820996387176,-528.0376936225139
경기|안산시|초등학교|관산초등학교|본교,관산초등학교,경기,안산시,초등학교,697.0,R3_multioutput_1to5_incremental_delta_HistGradientBoostingRegressor_hgb_05_deeper_regularized,R3,multioutput_1to5,incremental_delta,HistGradientBoostingRegressor,hgb_05_deeper_regularized,"{'max_iter': 120, 'max_leaf_nodes': 31, 'learning_rate': 0.04, 'l2_regularization': 0.1}",2018,2022,4,697.0,1103.0,580.3765590376154,522.6234409623846,-116.62344096238462,-0.16732200998907407,-522.6234409623846
경기|안산시|중학교|원곡중학교|본교,원곡중학교,경기,안산시,중학교,605.0,R3_multioutput_1to5_incremental_delta_HistGradientBoostingRegressor_hgb_05_deeper_regularized,R3,multioutput_1to5,incremental_delta,HistGradientBoostingRegressor,hgb_05_deeper_regularized,"{'max_iter': 120, 'max_leaf_nodes': 31, 'learning_rate': 0.04, 'l2_regularization': 0.1}",2018,2023,5,605.0,1024.0,509.4846398227154,514.5153601772846,-95.5153601772846,-0.15787662839220595,-514.5153601772846
부산|수영구|초등학교|남천초등학교|본교,남천초등학교,부산,수영구,초등학교,553.0,R3_multioutput_1to5_incremental_delta_HistGradientBoostingRegressor_hgb_05_deeper_regularized,R3,multioutput_1to5,incremental_delta,HistGradientBoostingRegressor,hgb_05_deeper_regularized,"{'max_iter': 120, 'max_leaf_nodes': 31, 'learning_rate': 0.04, 'l2_regularization': 0.1}",2020,2025,5,553.0,937.0,429.95388439459344,507.04611560540656,-123.04611560540656,-0.22250653816529214,-507.04611560540656
경기|안산시|초등학교|관산초등학교|본교,관산초등학교,경기,안산시,초등학교,737.0,R3_multioutput_1to5_incremental_delta_HistGradientBoostingRegressor_hgb_05_deeper_regularized,R3,multioutput_1to5,incremental_delta,HistGradientBoostingRegressor,hgb_05_deeper_regularized,"{'max_iter': 120, 'max_leaf_nodes': 31, 'learning_rate': 0.04, 'l2_regularization': 0.1}",2017,2022,5,737.0,1103.0,597.7574643866366,505.24253561336343,-139.24253561336343,-0.18893152729085946,-505.24253561336343
대구|수성구|초등학교|대구동천초등학교|본교,대구동천초등학교,대구,수성구,초등학교,1216.0,R3_multioutput_1to5_incremental_delta_HistGradientBoostingRegressor_hgb_05_deeper_regularized,R3,multioutput_1to5,incremental_delta,HistGradientBoostingRegressor,hgb_05_deeper_regularized,"{'max_iter': 120, 'max_leaf_nodes': 31, 'learning_rate': 0.04, 'l2_regularization': 0.1}",2019,2023,4,1216.0,1722.0,1222.0400106227696,499.9599893772304,6.040010622769614,0.0049671139989881695,-499.9599893772304
경남|창원시|초등학교|의창초등학교|본교,의창초등학교,경남,창원시,초등학교,1324.0,R3_multioutput_1to5_incremental_delta_HistGradientBoostingRegressor_hgb_05_deeper_regularized,R3,multioutput_1to5,incremental_delta,HistGradientBoostingRegressor,hgb_05_deeper_regularized,"{'max_iter': 120, 'max_leaf_nodes': 31, 'learning_rate': 0.04, 'l2_regularization': 0.1}",2020,2024,4,1324.0,1747.0,1247.1081533848796,499.89184661512036,-76.89184661512036,-0.058075412851299364,-499.89184661512036
대구|수성구|초등학교|대구동천초등학교|본교,대구동천초등학교,대구,수성구,초등학교,1216.0,R3_multioutput_1to5_incremental_delta_HistGradientBoostingRegressor_hgb_05_deeper_regularized,R3,multioutput_1to5,incremental_delta,HistGradientBoostingRegressor,hgb_05_deeper_regularized,"{'max_iter': 120, 'max_leaf_nodes': 31, 'learning_rate': 0.04, 'l2_regularization': 0.1}",2019,2024,5,1216.0,1711.0,1219.1875588691496,491.8124411308504,3.1875588691495977,0.0026213477542348664,-491.8124411308504
경북|포항시|중학교|포항제철중학교|본교,포항제철중학교,경북,포항시,중학교,1372.0,R3_multioutput_1to5_incremental_delta_HistGradientBoostingRegressor_hgb_05_deeper_regularized,R3,multioutput_1to5,incremental_delta,HistGradientBoostingRegressor,hgb_05_deeper_regularized,"{'max_iter': 120, 'max_leaf_nodes': 31, 'learning_rate': 0.04, 'l2_regularization': 0.1}",2019,2024,5,1372.0,1701.0,1209.320212239414,491.6797877605859,-162.6797877605859,-0.11857127387797806,-491.6797877605859
강원|춘천시|초등학교|부안초등학교|본교,부안초등학교,강원,춘천시,초등학교,477.0,R3_multioutput_1to5_incremental_delta_HistGradientBoostingRegressor_hgb_05_deeper_regularized,R3,multioutput_1to5,incremental_delta,HistGradientBoostingRegressor,hgb_05_deeper_regularized,"{'max_iter': 120, 'max_leaf_nodes': 31, 'learning_rate': 0.04, 'l2_regularization': 0.1}",2017,2022,5,477.0,871.0,382.99498328237246,488.00501671762754,-94.00501671762754,-0.1970755067455504,-488.00501671762754
대구|수성구|초등학교|대구동천초등학교|본교,대구동천초등학교,대구,수성구,초등학교,1042.0,R3_multioutput_1to5_incremental_delta_HistGradientBoostingRegressor_hgb_05_deeper_regularized,R3,multioutput_1to5,incremental_delta,HistGradientBoostingRegressor,hgb_05_deeper_regularized,"{'max_iter': 120, 'max_leaf_nodes': 31, 'learning_rate': 0.04, 'l2_regularization': 0.1}",2017,2022,5,1042.0,1585.0,1099.8944355877202,485.1055644122798,57.89443558772018,0.055560878683032805,-485.1055644122798
충남|아산시|중학교|탕정중학교|본교,탕정중학교,충남,아산시,중학교,770.0,R3_multioutput_1to5_incremental_delta_HistGradientBoostingRegressor_hgb_05_deeper_regularized,R3,multioutput_1to5,incremental_delta,HistGradientBoostingRegressor,hgb_05_deeper_regularized,"{'max_iter': 120, 'max_leaf_nodes': 31, 'learning_rate': 0.04, 'l2_regularization': 0.1}",2018,2023,5,770.0,1249.0,764.335859503982,484.66414049601804,-5.664140496018035,-0.00735602661820524,-484.66414049601804
경기|안산시|중학교|원곡중학교|본교,원곡중학교,경기,안산시,중학교,605.0,R3_multioutput_1to5_incremental_delta_HistGradientBoostingRegressor_hgb_05_deeper_regularized,R3,multioutput_1to5,incremental_delta,HistGradientBoostingRegressor,hgb_05_deeper_regularized,"{'max_iter': 120, 'max_leaf_nodes': 31, 'learning_rate': 0.04, 'l2_regularization': 0.1}",2018,2022,4,605.0,994.0,521.1448498644874,472.85515013551264,-83.85515013551264,-0.13860355394299612,-472.85515013551264
서울|영등포구|초등학교|서울대영초등학교|본교,서울대영초등학교,서울,영등포구,초등학교,611.0,R3_multioutput_1to5_incremental_delta_HistGradientBoostingRegressor_hgb_05_deeper_regularized,R3,multioutput_1to5,incremental_delta,HistGradientBoostingRegressor,hgb_05_deeper_regularized,"{'max_iter': 120, 'max_leaf_nodes': 31, 'learning_rate': 0.04, 'l2_regularization': 0.1}",2018,2023,5,611.0,1017.0,553.5472028775843,463.45279712241575,-57.452797122415745,-0.0940307645211387,-463.45279712241575
대구|달서구|초등학교|대구장동초등학교|본교,대구장동초등학교,대구,달서구,초등학교,897.0,R3_multioutput_1to5_incremental_delta_HistGradientBoostingRegressor_hgb_05_deeper_regularized,R3,multioutput_1to5,incremental_delta,HistGradientBoostingRegressor,hgb_05_deeper_regularized,"{'max_iter': 120, 'max_leaf_nodes': 31, 'learning_rate': 0.04, 'l2_regularization': 0.1}",2021,2025,4,897.0,1288.0,831.4164821588736,456.5835178411264,-65.58351784112642,-0.07311428967795587,-456.5835178411264
인천|미추홀구|초등학교|인천용현초등학교|본교,인천용현초등학교,인천,미추홀구,초등학교,1210.0,R3_multioutput_1to5_incremental_delta_HistGradientBoostingRegressor_hgb_05_deeper_regularized,R3,multioutput_1to5,incremental_delta,HistGradientBoostingRegressor,hgb_05_deeper_regularized,"{'max_iter': 120, 'max_leaf_nodes': 31, 'learning_rate': 0.04, 'l2_regularization': 0.1}",2020,2025,5,1210.0,1403.0,947.7789367182382,455.22106328176176,-262.22106328176176,-0.21671162254691054,-455.22106328176176
강원|춘천시|초등학교|부안초등학교|본교,부안초등학교,강원,춘천시,초등학교,484.0,R3_multioutput_1to5_incremental_delta_HistGradientBoostingRegressor_hgb_05_deeper_regularized,R3,multioutput_1to5,incremental_delta,HistGradientBoostingRegressor,hgb_05_deeper_regularized,"{'max_iter': 120, 'max_leaf_nodes': 31, 'learning_rate': 0.04, 'l2_regularization': 0.1}",2018,2022,4,484.0,871.0,417.5837880924646,453.4162119075354,-66.4162119075354,-0.13722357832135412,-453.4162119075354
경기|광주시|중학교|광주광남중학교|본교,광주광남중학교,경기,광주시,중학교,1130.0,R3_multioutput_1to5_incremental_delta_HistGradientBoostingRegressor_hgb_05_deeper_regularized,R3,multioutput_1to5,incremental_delta,HistGradientBoostingRegressor,hgb_05_deeper_regularized,"{'max_iter': 120, 'max_leaf_nodes': 31, 'learning_rate': 0.04, 'l2_regularization': 0.1}",2017,2022,5,1130.0,1437.0,987.7539133972022,449.24608660279785,-142.24608660279785,-0.12588149256884765,-449.24608660279785
경북|영주시|초등학교|영주가흥초등학교|본교,영주가흥초등학교,경북,영주시,초등학교,677.0,R3_multioutput_1to5_incremental_delta_HistGradientBoostingRegressor_hgb_05_deeper_regularized,R3,multioutput_1to5,incremental_delta,HistGradientBoostingRegressor,hgb_05_deeper_regularized,"{'max_iter': 120, 'max_leaf_nodes': 31, 'learning_rate': 0.04, 'l2_regularization': 0.1}",2017,2022,5,677.0,1150.0,701.314671932596,448.68532806740404,24.314671932595957,0.03591532043219491,-448.68532806740404
경기|안산시|중학교|원곡중학교|본교,원곡중학교,경기,안산시,중학교,664.0,R3_multioutput_1to5_incremental_delta_HistGradientBoostingRegressor_hgb_05_deeper_regularized,R3,multioutput_1to5,incremental_delta,HistGradientBoostingRegressor,hgb_05_deeper_regularized,"{'max_iter': 120, 'max_leaf_nodes': 31, 'learning_rate': 0.04, 'l2_regularization': 0.1}",2017,2022,5,664.0,994.0,546.7974172737437,447.2025827262563,-117.20258272625631,-0.17650991374436192,-447.2025827262563
울산|북구|초등학교|은월초등학교|본교,은월초등학교,울산,북구,초등학교,654.0,R3_multioutput_1to5_incremental_delta_HistGradientBoostingRegressor_hgb_05_deeper_regularized,R3,multioutput_1to5,incremental_delta,HistGradientBoostingRegressor,hgb_05_deeper_regularized,"{'max_iter': 120, 'max_leaf_nodes': 31, 'learning_rate': 0.04, 'l2_regularization': 0.1}",2019,2023,4,654.0,1216.0,769.4557194736417,446.5442805263583,115.4557194736417,0.1765377973603084,-446.5442805263583
대구|수성구|초등학교|대구동천초등학교|본교,대구동천초등학교,대구,수성구,초등학교,1127.0,R3_multioutput_1to5_incremental_delta_HistGradientBoostingRegressor_hgb_05_deeper_regularized,R3,multioutput_1to5,incremental_delta,HistGradientBoostingRegressor,hgb_05_deeper_regularized,"{'max_iter': 120, 'max_leaf_nodes': 31, 'learning_rate': 0.04, 'l2_regularization': 0.1}",2018,2022,4,1127.0,1585.0,1139.6638574666226,445.33614253337737,12.66385746662263,0.011236785684669593,-445.33614253337737
서울|강남구|중학교|중동중학교|본교,중동중학교,서울,강남구,중학교,585.0,R3_multioutput_1to5_incremental_delta_HistGradientBoostingRegressor_hgb_05_deeper_regularized,R3,multioutput_1to5,incremental_delta,HistGradientBoostingRegressor,hgb_05_deeper_regularized,"{'max_iter': 120, 'max_leaf_nodes': 31, 'learning_rate': 0.04, 'l2_regularization': 0.1}",2018,2023,5,585.0,976.0,531.7945570368885,444.2054429631115,-53.20544296311152,-0.09094947515061799,-444.2054429631115
충남|아산시|중학교|탕정중학교|본교,탕정중학교,충남,아산시,중학교,760.0,R3_multioutput_1to5_incremental_delta_HistGradientBoostingRegressor_hgb_05_deeper_regularized,R3,multioutput_1to5,incremental_delta,HistGradientBoostingRegressor,hgb_05_deeper_regularized,"{'max_iter': 120, 'max_leaf_nodes': 31, 'learning_rate': 0.04, 'l2_regularization': 0.1}",2017,2022,5,760.0,1147.0,703.6832864499805,443.3167135500195,-56.31671355001947,-0.07410093888160457,-443.3167135500195
경남|창원시|초등학교|의창초등학교|본교,의창초등학교,경남,창원시,초등학교,1324.0,R3_multioutput_1to5_incremental_delta_HistGradientBoostingRegressor_hgb_05_deeper_regularized,R3,multioutput_1to5,incremental_delta,HistGradientBoostingRegressor,hgb_05_deeper_regularized,"{'max_iter': 120, 'max_leaf_nodes': 31, 'learning_rate': 0.04, 'l2_regularization': 0.1}",2020,2023,3,1324.0,1726.0,1286.1525235147667,439.8474764852333,-37.8474764852333,-0.028585707315130892,-439.8474764852333
경기|안산시|중학교|원곡중학교|본교,원곡중학교,경기,안산시,중학교,672.0,R3_multioutput_1to5_incremental_delta_HistGradientBoostingRegressor_hgb_05_deeper_regularized,R3,multioutput_1to5,incremental_delta,HistGradientBoostingRegressor,hgb_05_deeper_regularized,"{'max_iter': 120, 'max_leaf_nodes': 31, 'learning_rate': 0.04, 'l2_regularization': 0.1}",2019,2024,5,672.0,1085.0,647.1554383805849,437.8445616194151,-24.844561619415117,-0.03697107383841535,-437.8445616194151
울산|북구|고등학교|호계고등학교|본교,호계고등학교,울산,북구,고등학교,687.0,R3_multioutput_1to5_incremental_delta_HistGradientBoostingRegressor_hgb_05_deeper_regularized,R3,multioutput_1to5,incremental_delta,HistGradientBoostingRegressor,hgb_05_deeper_regularized,"{'max_iter': 120, 'max_leaf_nodes': 31, 'learning_rate': 0.04, 'l2_regularization': 0.1}",2019,2024,5,687.0,1022.0,585.9855309713554,436.0144690286446,-101.01446902864461,-0.147037072821899,-436.0144690286446
경기|용인시|초등학교|청곡초등학교|본교,청곡초등학교,경기,용인시,초등학교,610.0,R3_multioutput_1to5_incremental_delta_HistGradientBoostingRegressor_hgb_05_deeper_regularized,R3,multioutput_1to5,incremental_delta,HistGradientBoostingRegressor,hgb_05_deeper_regularized,"{'max_iter': 120, 'max_leaf_nodes': 31, 'learning_rate': 0.04, 'l2_regularization': 0.1}",2019,2024,5,610.0,1008.0,573.2196640405109,434.7803359594891,-36.78033595948909,-0.060295632720473925,-434.7803359594891
경기|화성시|중학교|남양중학교|본교,남양중학교,경기,화성시,중학교,810.0,R3_multioutput_1to5_incremental_delta_HistGradientBoostingRegressor_hgb_05_deeper_regularized,R3,multioutput_1to5,incremental_delta,HistGradientBoostingRegressor,hgb_05_deeper_regularized,"{'max_iter': 120, 'max_leaf_nodes': 31, 'learning_rate': 0.04, 'l2_regularization': 0.1}",2019,2022,3,810.0,360.0,793.3275827664514,433.3275827664514,-16.672417233548572,-0.0205832311525291,433.3275827664514
경기|수원시|중학교|잠원중학교|본교,잠원중학교,경기,수원시,중학교,690.0,R3_multioutput_1to5_incremental_delta_HistGradientBoostingRegressor_hgb_05_deeper_regularized,R3,multioutput_1to5,incremental_delta,HistGradientBoostingRegressor,hgb_05_deeper_regularized,"{'max_iter': 120, 'max_leaf_nodes': 31, 'learning_rate': 0.04, 'l2_regularization': 0.1}",2018,2023,5,690.0,1058.0,624.794400497007,433.205599502993,-65.20559950299298,-0.09450086884491736,-433.205599502993
경기|하남시|초등학교|윤슬초등학교|본교,윤슬초등학교,경기,하남시,초등학교,1132.0,R3_multioutput_1to5_incremental_delta_HistGradientBoostingRegressor_hgb_05_deeper_regularized,R3,multioutput_1to5,incremental_delta,HistGradientBoostingRegressor,hgb_05_deeper_regularized,"{'max_iter': 120, 'max_leaf_nodes': 31, 'learning_rate': 0.04, 'l2_regularization': 0.1}",2017,2022,5,1132.0,1510.0,1077.210637272378,432.7893627276219,-54.78936272762189,-0.04840049710920662,-432.7893627276219
충남|아산시|중학교|탕정중학교|본교,탕정중학교,충남,아산시,중학교,958.0,R3_multioutput_1to5_incremental_delta_HistGradientBoostingRegressor_hgb_05_deeper_regularized,R3,multioutput_1to5,incremental_delta,HistGradientBoostingRegressor,hgb_05_deeper_regularized,"{'max_iter': 120, 'max_leaf_nodes': 31, 'learning_rate': 0.04, 'l2_regularization': 0.1}",2020,2024,4,958.0,1446.0,1017.2533706160572,428.74662938394283,59.25337061605717,0.06185111755329558,-428.74662938394283
서울|송파구|고등학교|일신여자상업고등학교|본교,일신여자상업고등학교,서울,송파구,고등학교,999.0,R3_multioutput_1to5_incremental_delta_HistGradientBoostingRegressor_hgb_05_deeper_regularized,R3,multioutput_1to5,incremental_delta,HistGradientBoostingRegressor,hgb_05_deeper_regularized,"{'max_iter': 120, 'max_leaf_nodes': 31, 'learning_rate': 0.04, 'l2_regularization': 0.1}",2019,2024,5,999.0,371.0,798.7278422732475,427.72784227324746,-200.27215772675254,-0.20047263035710966,427.72784227324746
부산|수영구|초등학교|남천초등학교|본교,남천초등학교,부산,수영구,초등학교,580.0,R3_multioutput_1to5_incremental_delta_HistGradientBoostingRegressor_hgb_05_deeper_regularized,R3,multioutput_1to5,incremental_delta,HistGradientBoostingRegressor,hgb_05_deeper_regularized,"{'max_iter': 120, 'max_leaf_nodes': 31, 'learning_rate': 0.04, 'l2_regularization': 0.1}",2019,2024,5,580.0,883.0,456.676766890974,426.323233109026,-123.32323310902598,-0.21262626398107928,-426.323233109026
부산|수영구|초등학교|남천초등학교|본교,남천초등학교,부산,수영구,초등학교,553.0,R3_multioutput_1to5_incremental_delta_HistGradientBoostingRegressor_hgb_05_deeper_regularized,R3,multioutput_1to5,incremental_delta,HistGradientBoostingRegressor,hgb_05_deeper_regularized,"{'max_iter': 120, 'max_leaf_nodes': 31, 'learning_rate': 0.04, 'l2_regularization': 0.1}",2020,2024,4,553.0,883.0,456.9361602667264,426.0638397332736,-96.0638397332736,-0.17371399590103725,-426.0638397332736
충북|청주시|초등학교|비봉초등학교|본교,비봉초등학교,충북,청주시,초등학교,1190.0,R3_multioutput_1to5_incremental_delta_HistGradientBoostingRegressor_hgb_05_deeper_regularized,R3,multioutput_1to5,incremental_delta,HistGradientBoostingRegressor,hgb_05_deeper_regularized,"{'max_iter': 120, 'max_leaf_nodes': 31, 'learning_rate': 0.04, 'l2_regularization': 0.1}",2018,2023,5,1190.0,705.0,1130.9552734925685,425.9552734925685,-59.044726507431506,-0.049617417233135716,425.9552734925685
서울|마포구|초등학교|서울하늘초등학교|본교,서울하늘초등학교,서울,마포구,초등학교,1095.0,R3_multioutput_1to5_incremental_delta_HistGradientBoostingRegressor_hgb_05_deeper_regularized,R3,multioutput_1to5,incremental_delta,HistGradientBoostingRegressor,hgb_05_deeper_regularized,"{'max_iter': 120, 'max_leaf_nodes': 31, 'learning_rate': 0.04, 'l2_regularization': 0.1}",2019,2024,5,1095.0,403.0,826.4566877211881,423.45668772118813,-268.54331227881187,-0.24524503404457704,423.45668772118813
서울|강남구|중학교|개원중학교|본교,개원중학교,서울,강남구,중학교,559.0,R3_multioutput_1to5_incremental_delta_HistGradientBoostingRegressor_hgb_05_deeper_regularized,R3,multioutput_1to5,incremental_delta,HistGradientBoostingRegressor,hgb_05_deeper_regularized,"{'max_iter': 120, 'max_leaf_nodes': 31, 'learning_rate': 0.04, 'l2_regularization': 0.1}",2018,2023,5,559.0,896.0,473.3587796777962,422.6412203222038,-85.64122032220382,-0.15320432973560613,-422.6412203222038
서울|마포구|초등학교|서울하늘초등학교|본교,서울하늘초등학교,서울,마포구,초등학교,1153.0,R3_multioutput_1to5_incremental_delta_HistGradientBoostingRegressor_hgb_05_deeper_regularized,R3,multioutput_1to5,incremental_delta,HistGradientBoostingRegressor,hgb_05_deeper_regularized,"{'max_iter': 120, 'max_leaf_nodes': 31, 'learning_rate': 0.04, 'l2_regularization': 0.1}",2018,2023,5,1153.0,494.0,914.2438293324294,420.2438293324294,-238.7561706675706,-0.2070738687489771,420.2438293324294
강원|원주시|초등학교|샘마루초등학교|본교,샘마루초등학교,강원,원주시,초등학교,908.0,R3_multioutput_1to5_incremental_delta_HistGradientBoostingRegressor_hgb_05_deeper_regularized,R3,multioutput_1to5,incremental_delta,HistGradientBoostingRegressor,hgb_05_deeper_regularized,"{'max_iter': 120, 'max_leaf_nodes': 31, 'learning_rate': 0.04, 'l2_regularization': 0.1}",2021,2025,4,908.0,1400.0,980.2752490702518,419.7247509297482,72.27524907025179,0.07959829192759008,-419.7247509297482
서울|영등포구|초등학교|서울대영초등학교|본교,서울대영초등학교,서울,영등포구,초등학교,599.0,R3_multioutput_1to5_incremental_delta_HistGradientBoostingRegressor_hgb_05_deeper_regularized,R3,multioutput_1to5,incremental_delta,HistGradientBoostingRegressor,hgb_05_deeper_regularized,"{'max_iter': 120, 'max_leaf_nodes': 31, 'learning_rate': 0.04, 'l2_regularization': 0.1}",2017,2022,5,599.0,954.0,534.3544592839382,419.64554071606176,-64.64554071606176,-0.10792243859108808,-419.64554071606176
서울|양천구|초등학교|서울신은초등학교|본교,서울신은초등학교,서울,양천구,초등학교,1111.0,R3_multioutput_1to5_incremental_delta_HistGradientBoostingRegressor_hgb_05_deeper_regularized,R3,multioutput_1to5,incremental_delta,HistGradientBoostingRegressor,hgb_05_deeper_regularized,"{'max_iter': 120, 'max_leaf_nodes': 31, 'learning_rate': 0.04, 'l2_regularization': 0.1}",2019,2024,5,1111.0,449.0,868.5380602505652,419.5380602505652,-242.4619397494348,-0.21823756953144446,419.5380602505652
경기|시흥시|중학교|은계중학교|본교,은계중학교,경기,시흥시,중학교,648.0,R3_multioutput_1to5_incremental_delta_HistGradientBoostingRegressor_hgb_05_deeper_regularized,R3,multioutput_1to5,incremental_delta,HistGradientBoostingRegressor,hgb_05_deeper_regularized,"{'max_iter': 120, 'max_leaf_nodes': 31, 'learning_rate': 0.04, 'l2_regularization': 0.1}",2018,2022,4,648.0,960.0,542.401230091382,417.598769908618,-105.59876990861801,-0.16296106467379323,-417.598769908618
서울|강남구|초등학교|서울개일초등학교|본교,서울개일초등학교,서울,강남구,초등학교,709.0,R3_multioutput_1to5_incremental_delta_HistGradientBoostingRegressor_hgb_05_deeper_regularized,R3,multioutput_1to5,incremental_delta,HistGradientBoostingRegressor,hgb_05_deeper_regularized,"{'max_iter': 120, 'max_leaf_nodes': 31, 'learning_rate': 0.04, 'l2_regularization': 0.1}",2018,2023,5,709.0,1067.0,649.8178278508794,417.18217214912056,-59.18217214912056,-0.08347273927943662,-417.18217214912056
경기|화성시|중학교|남양중학교|본교,남양중학교,경기,화성시,중학교,782.0,R3_multioutput_1to5_incremental_delta_HistGradientBoostingRegressor_hgb_05_deeper_regularized,R3,multioutput_1to5,incremental_delta,HistGradientBoostingRegressor,hgb_05_deeper_regularized,"{'max_iter': 120, 'max_leaf_nodes': 31, 'learning_rate': 0.04, 'l2_regularization': 0.1}",2018,2022,4,782.0,360.0,775.4991233570937,415.4991233570937,-6.500876642906292,-0.008313141487092444,415.4991233570937
경기|시흥시|초등학교|검바위초등학교|본교,검바위초등학교,경기,시흥시,초등학교,381.0,R3_multioutput_1to5_incremental_delta_HistGradientBoostingRegressor_hgb_05_deeper_regularized,R3,multioutput_1to5,incremental_delta,HistGradientBoostingRegressor,hgb_05_deeper_regularized,"{'max_iter': 120, 'max_leaf_nodes': 31, 'learning_rate': 0.04, 'l2_regularization': 0.1}",2020,2025,5,381.0,695.0,279.93750092508327,415.06249907491673,-101.06249907491673,-0.26525590308377095,-415.06249907491673
대구|달서구|초등학교|대구장동초등학교|본교,대구장동초등학교,대구,달서구,초등학교,886.0,R3_multioutput_1to5_incremental_delta_HistGradientBoostingRegressor_hgb_05_deeper_regularized,R3,multioutput_1to5,incremental_delta,HistGradientBoostingRegressor,hgb_05_deeper_regularized,"{'max_iter': 120, 'max_leaf_nodes': 31, 'learning_rate': 0.04, 'l2_regularization': 0.1}",2020,2024,4,886.0,1223.0,808.3380676649838,414.6619323350162,-77.66193233501622,-0.08765455116818986,-414.6619323350162
충남|아산시|고등학교|온양용화고등학교|본교,온양용화고등학교,충남,아산시,고등학교,947.0,R3_multioutput_1to5_incremental_delta_HistGradientBoostingRegressor_hgb_05_deeper_regularized,R3,multioutput_1to5,incremental_delta,HistGradientBoostingRegressor,hgb_05_deeper_regularized,"{'max_iter': 120, 'max_leaf_nodes': 31, 'learning_rate': 0.04, 'l2_regularization': 0.1}",2019,2024,5,947.0,1235.0,820.7038838623562,414.2961161376438,-126.29611613764382,-0.13336443097956052,-414.2961161376438
울산|북구|고등학교|호계고등학교|본교,호계고등학교,울산,북구,고등학교,743.0,R3_multioutput_1to5_incremental_delta_HistGradientBoostingRegressor_hgb_05_deeper_regularized,R3,multioutput_1to5,incremental_delta,HistGradientBoostingRegressor,hgb_05_deeper_regularized,"{'max_iter': 120, 'max_leaf_nodes': 31, 'learning_rate': 0.04, 'l2_regularization': 0.1}",2018,2023,5,743.0,998.0,584.7145620216635,413.2854379783365,-158.28543797833652,-0.21303558274338696,-413.2854379783365
경기|평택시|중학교|세교중학교|본교,세교중학교,경기,평택시,중학교,810.0,R3_multioutput_1to5_incremental_delta_HistGradientBoostingRegressor_hgb_05_deeper_regularized,R3,multioutput_1to5,incremental_delta,HistGradientBoostingRegressor,hgb_05_deeper_regularized,"{'max_iter': 120, 'max_leaf_nodes': 31, 'learning_rate': 0.04, 'l2_regularization': 0.1}",2018,2022,4,810.0,1137.0,724.0522979250601,412.9477020749399,-85.94770207493991,-0.10610827416659248,-412.9477020749399
서울|강남구|중학교|개원중학교|본교,개원중학교,서울,강남구,중학교,517.0,R3_multioutput_1to5_incremental_delta_HistGradientBoostingRegressor_hgb_05_deeper_regularized,R3,multioutput_1to5,incremental_delta,HistGradientBoostingRegressor,hgb_05_deeper_regularized,"{'max_iter': 120, 'max_leaf_nodes': 31, 'learning_rate': 0.04, 'l2_regularization': 0.1}",2019,2023,4,517.0,896.0,483.8093678014617,412.1906321985383,-33.19063219853831,-0.06419851489078977,-412.1906321985383
부산|수영구|초등학교|남천초등학교|본교,남천초등학교,부산,수영구,초등학교,573.0,R3_multioutput_1to5_incremental_delta_HistGradientBoostingRegressor_hgb_05_deeper_regularized,R3,multioutput_1to5,incremental_delta,HistGradientBoostingRegressor,hgb_05_deeper_regularized,"{'max_iter': 120, 'max_leaf_nodes': 31, 'learning_rate': 0.04, 'l2_regularization': 0.1}",2022,2025,3,573.0,937.0,525.1036834019295,411.8963165980705,-47.896316598070484,-0.08358868516242668,-411.8963165980705
경기|광명시|중학교|충현중학교|본교,충현중학교,경기,광명시,중학교,795.0,R3_multioutput_1to5_incremental_delta_HistGradientBoostingRegressor_hgb_05_deeper_regularized,R3,multioutput_1to5,incremental_delta,HistGradientBoostingRegressor,hgb_05_deeper_regularized,"{'max_iter': 120, 'max_leaf_nodes': 31, 'learning_rate': 0.04, 'l2_regularization': 0.1}",2019,2024,5,795.0,466.0,876.8148218673407,410.8148218673407,81.8148218673407,0.10291172561929647,410.8148218673407
충남|아산시|고등학교|설화고등학교|본교,설화고등학교,충남,아산시,고등학교,1122.0,R3_multioutput_1to5_incremental_delta_HistGradientBoostingRegressor_hgb_05_deeper_regularized,R3,multioutput_1to5,incremental_delta,HistGradientBoostingRegressor,hgb_05_deeper_regularized,"{'max_iter': 120, 'max_leaf_nodes': 31, 'learning_rate': 0.04, 'l2_regularization': 0.1}",2019,2024,5,1122.0,1391.0,981.2773218195904,409.7226781804096,-140.72267818040962,-0.1254212818007216,-409.7226781804096
경기|수원시|중학교|잠원중학교|본교,잠원중학교,경기,수원시,중학교,708.0,R3_multioutput_1to5_incremental_delta_HistGradientBoostingRegressor_hgb_05_deeper_regularized,R3,multioutput_1to5,incremental_delta,HistGradientBoostingRegressor,hgb_05_deeper_regularized,"{'max_iter': 120, 'max_leaf_nodes': 31, 'learning_rate': 0.04, 'l2_regularization': 0.1}",2017,2022,5,708.0,1014.0,604.9053803653989,409.09461963460114,-103.09461963460114,-0.1456138695403971,-409.09461963460114
충남|아산시|고등학교|온양용화고등학교|본교,온양용화고등학교,충남,아산시,고등학교,998.0,R3_multioutput_1to5_incremental_delta_HistGradientBoostingRegressor_hgb_05_deeper_regularized,R3,multioutput_1to5,incremental_delta,HistGradientBoostingRegressor,hgb_05_deeper_regularized,"{'max_iter': 120, 'max_leaf_nodes': 31, 'learning_rate': 0.04, 'l2_regularization': 0.1}",2018,2023,5,998.0,1184.0,775.64889362663,408.35110637337004,-222.35110637337004,-0.22279669977291588,-408.35110637337004
서울|마포구|초등학교|서울하늘초등학교|본교,서울하늘초등학교,서울,마포구,초등학교,1218.0,R3_multioutput_1to5_incremental_delta_HistGradientBoostingRegressor_hgb_05_deeper_regularized,R3,multioutput_1to5,incremental_delta,HistGradientBoostingRegressor,hgb_05_deeper_regularized,"{'max_iter': 120, 'max_leaf_nodes': 31, 'learning_rate': 0.04, 'l2_regularization': 0.1}",2017,2022,5,1218.0,611.0,1019.0673668919962,408.06736689199624,-198.93263310800376,-0.16332728498194068,408.06736689199624
울산|북구|고등학교|호계고등학교|본교,호계고등학교,울산,북구,고등학교,687.0,R3_multioutput_1to5_incremental_delta_HistGradientBoostingRegressor_hgb_05_deeper_regularized,R3,multioutput_1to5,incremental_delta,HistGradientBoostingRegressor,hgb_05_deeper_regularized,"{'max_iter': 120, 'max_leaf_nodes': 31, 'learning_rate': 0.04, 'l2_regularization': 0.1}",2019,2023,4,687.0,998.0,590.6016957084581,407.3983042915419,-96.39830429154188,-0.14031776461650927,-407.3983042915419
서울|서초구|중학교|원촌중학교|본교,원촌중학교,서울,서초구,중학교,938.0,R3_multioutput_1to5_incremental_delta_HistGradientBoostingRegressor_hgb_05_deeper_regularized,R3,multioutput_1to5,incremental_delta,HistGradientBoostingRegressor,hgb_05_deeper_regularized,"{'max_iter': 120, 'max_leaf_nodes': 31, 'learning_rate': 0.04, 'l2_regularization': 0.1}",2018,2022,4,938.0,1224.0,817.8303336553984,406.16966634460164,-120.16966634460164,-0.12811265068720856,-406.16966634460164
서울|강남구|초등학교|서울개일초등학교|본교,서울개일초등학교,서울,강남구,초등학교,709.0,R3_multioutput_1to5_incremental_delta_HistGradientBoostingRegressor_hgb_05_deeper_regularized,R3,multioutput_1to5,incremental_delta,HistGradientBoostingRegressor,hgb_05_deeper_regularized,"{'max_iter': 120, 'max_leaf_nodes': 31, 'learning_rate': 0.04, 'l2_regularization': 0.1}",2018,2022,4,709.0,1078.0,672.439155478284,405.56084452171604,-36.560844521716035,-0.05156677647632727,-405.56084452171604
울산|북구|초등학교|은월초등학교|본교,은월초등학교,울산,북구,초등학교,654.0,R3_multioutput_1to5_incremental_delta_HistGradientBoostingRegressor_hgb_05_deeper_regularized,R3,multioutput_1to5,incremental_delta,HistGradientBoostingRegressor,hgb_05_deeper_regularized,"{'max_iter': 120, 'max_leaf_nodes': 31, 'learning_rate': 0.04, 'l2_regularization': 0.1}",2019,2024,5,654.0,1162.0,757.0559045649435,404.9440954350565,103.05590456494349,0.15757783572621328,-404.9440954350565
서울|강남구|중학교|개원중학교|본교,개원중학교,서울,강남구,중학교,517.0,R3_multioutput_1to5_incremental_delta_HistGradientBoostingRegressor_hgb_05_deeper_regularized,R3,multioutput_1to5,incremental_delta,HistGradientBoostingRegressor,hgb_05_deeper_regularized,"{'max_iter': 120, 'max_leaf_nodes': 31, 'learning_rate': 0.04, 'l2_regularization': 0.1}",2019,2024,5,517.0,886.0,481.6473810259898,404.3526189740102,-35.35261897401023,-0.06838030749324996,-404.3526189740102
경북|포항시|중학교|포항제철중학교|본교,포항제철중학교,경북,포항시,중학교,1450.0,R3_multioutput_1to5_incremental_delta_HistGradientBoostingRegressor_hgb_05_deeper_regularized,R3,multioutput_1to5,incremental_delta,HistGradientBoostingRegressor,hgb_05_deeper_regularized,"{'max_iter': 120, 'max_leaf_nodes': 31, 'learning_rate': 0.04, 'l2_regularization': 0.1}",2020,2025,5,1450.0,1766.0,1362.2737642044326,403.7262357955674,-87.72623579556739,-0.0605008522728051,-403.7262357955674
경북|포항시|중학교|포항제철중학교|본교,포항제철중학교,경북,포항시,중학교,1372.0,R3_multioutput_1to5_incremental_delta_HistGradientBoostingRegressor_hgb_05_deeper_regularized,R3,multioutput_1to5,incremental_delta,HistGradientBoostingRegressor,hgb_05_deeper_regularized,"{'max_iter': 120, 'max_leaf_nodes': 31, 'learning_rate': 0.04, 'l2_regularization': 0.1}",2019,2023,4,1372.0,1640.0,1236.3421231780426,403.6578768219574,-135.65787682195742,-0.09887600351454622,-403.6578768219574
경기|용인시|초등학교|청곡초등학교|본교,청곡초등학교,경기,용인시,초등학교,609.0,R3_multioutput_1to5_incremental_delta_HistGradientBoostingRegressor_hgb_05_deeper_regularized,R3,multioutput_1to5,incremental_delta,HistGradientBoostingRegressor,hgb_05_deeper_regularized,"{'max_iter': 120, 'max_leaf_nodes': 31, 'learning_rate': 0.04, 'l2_regularization': 0.1}",2018,2023,5,609.0,924.0,521.7416425358126,402.2583574641874,-87.25835746418738,-0.1432813751464489,-402.2583574641874
대구|북구|초등학교|대구복현초등학교|본교,대구복현초등학교,대구,북구,초등학교,763.0,R3_multioutput_1to5_incremental_delta_HistGradientBoostingRegressor_hgb_05_deeper_regularized,R3,multioutput_1to5,incremental_delta,HistGradientBoostingRegressor,hgb_05_deeper_regularized,"{'max_iter': 120, 'max_leaf_nodes': 31, 'learning_rate': 0.04, 'l2_regularization': 0.1}",2018,2023,5,763.0,1034.0,631.986326260405,402.013673739595,-131.013673739595,-0.1717086156482241,-402.013673739595
서울|강남구|중학교|중동중학교|본교,중동중학교,서울,강남구,중학교,593.0,R3_multioutput_1to5_incremental_delta_HistGradientBoostingRegressor_hgb_05_deeper_regularized,R3,multioutput_1to5,incremental_delta,HistGradientBoostingRegressor,hgb_05_deeper_regularized,"{'max_iter': 120, 'max_leaf_nodes': 31, 'learning_rate': 0.04, 'l2_regularization': 0.1}",2019,2023,4,593.0,976.0,574.3489138561812,401.6510861438188,-18.651086143818816,-0.03145208455955956,-401.6510861438188
경기|화성시|중학교|남양중학교|본교,남양중학교,경기,화성시,중학교,726.0,R3_multioutput_1to5_incremental_delta_HistGradientBoostingRegressor_hgb_05_deeper_regularized,R3,multioutput_1to5,incremental_delta,HistGradientBoostingRegressor,hgb_05_deeper_regularized,"{'max_iter': 120, 'max_leaf_nodes': 31, 'learning_rate': 0.04, 'l2_regularization': 0.1}",2017,2022,5,726.0,360.0,759.1678375471113,399.1678375471113,33.167837547111276,0.045685726648913606,399.1678375471113
충남|아산시|고등학교|설화고등학교|본교,설화고등학교,충남,아산시,고등학교,1063.0,R3_multioutput_1to5_incremental_delta_HistGradientBoostingRegressor_hgb_05_deeper_regularized,R3,multioutput_1to5,incremental_delta,HistGradientBoostingRegressor,hgb_05_deeper_regularized,"{'max_iter': 120, 'max_leaf_nodes': 31, 'learning_rate': 0.04, 'l2_regularization': 0.1}",2021,2024,3,1063.0,1391.0,993.0010086334518,397.99899136654824,-69.99899136654824,-0.06585041520841792,-397.99899136654824
부산|수영구|초등학교|남천초등학교|본교,남천초등학교,부산,수영구,초등학교,574.0,R3_multioutput_1to5_incremental_delta_HistGradientBoostingRegressor_hgb_05_deeper_regularized,R3,multioutput_1to5,incremental_delta,HistGradientBoostingRegressor,hgb_05_deeper_regularized,"{'max_iter': 120, 'max_leaf_nodes': 31, 'learning_rate': 0.04, 'l2_regularization': 0.1}",2021,2025,4,574.0,937.0,539.1802968697688,397.81970313023123,-34.81970313023123,-0.06066150371120424,-397.81970313023123
서울|송파구|고등학교|일신여자상업고등학교|본교,일신여자상업고등학교,서울,송파구,고등학교,1096.0,R3_multioutput_1to5_incremental_delta_HistGradientBoostingRegressor_hgb_05_deeper_regularized,R3,multioutput_1to5,incremental_delta,HistGradientBoostingRegressor,hgb_05_deeper_regularized,"{'max_iter': 120, 'max_leaf_nodes': 31, 'learning_rate': 0.04, 'l2_regularization': 0.1}",2018,2023,5,1096.0,438.0,835.1677952029079,397.1677952029079,-260.8322047970921,-0.2379855883185147,397.1677952029079
서울|구로구|초등학교|서울하늘숲초등학교|본교,서울하늘숲초등학교,서울,구로구,초등학교,690.0,R3_multioutput_1to5_incremental_delta_HistGradientBoostingRegressor_hgb_05_deeper_regularized,R3,multioutput_1to5,incremental_delta,HistGradientBoostingRegressor,hgb_05_deeper_regularized,"{'max_iter': 120, 'max_leaf_nodes': 31, 'learning_rate': 0.04, 'l2_regularization': 0.1}",2020,2025,5,690.0,355.0,751.9106973392188,396.9106973392188,61.910697339218814,0.08972564831770842,396.9106973392188
전남|순천시|초등학교|순천용당초등학교|본교,순천용당초등학교,전남,순천시,초등학교,808.0,R3_multioutput_1to5_incremental_delta_HistGradientBoostingRegressor_hgb_05_deeper_regularized,R3,multioutput_1to5,incremental_delta,HistGradientBoostingRegressor,hgb_05_deeper_regularized,"{'max_iter': 120, 'max_leaf_nodes': 31, 'learning_rate': 0.04, 'l2_regularization': 0.1}",2020,2025,5,808.0,1080.0,686.3585171680105,393.6414828319895,-121.64148283198949,-0.15054638964355135,-393.6414828319895
충북|청주시|초등학교|비봉초등학교|본교,비봉초등학교,충북,청주시,초등학교,1190.0,R3_multioutput_1to5_incremental_delta_HistGradientBoostingRegressor_hgb_05_deeper_regularized,R3,multioutput_1to5,incremental_delta,HistGradientBoostingRegressor,hgb_05_deeper_regularized,"{'max_iter': 120, 'max_leaf_nodes': 31, 'learning_rate': 0.04, 'l2_regularization': 0.1}",2018,2022,4,1190.0,788.0,1181.290724914364,393.2907249143641,-8.709275085635909,-0.0073187185593579064,393.2907249143641
서울|영등포구|초등학교|서울대영초등학교|본교,서울대영초등학교,서울,영등포구,초등학교,611.0,R3_multioutput_1to5_incremental_delta_HistGradientBoostingRegressor_hgb_05_deeper_regularized,R3,multioutput_1to5,incremental_delta,HistGradientBoostingRegressor,hgb_05_deeper_regularized,"{'max_iter': 120, 'max_leaf_nodes': 31, 'learning_rate': 0.04, 'l2_regularization': 0.1}",2018,2022,4,611.0,954.0,561.4196088812862,392.5803911187138,-49.580391118713806,-0.08114630297661835,-392.5803911187138
경기|광명시|초등학교|충현초등학교|본교,충현초등학교,경기,광명시,초등학교,1414.0,R3_multioutput_1to5_incremental_delta_HistGradientBoostingRegressor_hgb_05_deeper_regularized,R3,multioutput_1to5,incremental_delta,HistGradientBoostingRegressor,hgb_05_deeper_regularized,"{'max_iter': 120, 'max_leaf_nodes': 31, 'learning_rate': 0.04, 'l2_regularization': 0.1}",2017,2022,5,1414.0,779.0,1171.3688427316413,392.3688427316413,-242.63115726835872,-0.17159204898752384,392.3688427316413
광주|남구|초등학교|불로초등학교|본교,불로초등학교,광주,남구,초등학교,793.0,R3_multioutput_1to5_incremental_delta_HistGradientBoostingRegressor_hgb_05_deeper_regularized,R3,multioutput_1to5,incremental_delta,HistGradientBoostingRegressor,hgb_05_deeper_regularized,"{'max_iter': 120, 'max_leaf_nodes': 31, 'learning_rate': 0.04, 'l2_regularization': 0.1}",2019,2024,5,793.0,1065.0,672.8103632642228,392.1896367357772,-120.18963673577719,-0.15156322413086656,-392.1896367357772
대구|수성구|초등학교|대구동도초등학교|본교,대구동도초등학교,대구,수성구,초등학교,1223.0,R3_multioutput_1to5_incremental_delta_HistGradientBoostingRegressor_hgb_05_deeper_regularized,R3,multioutput_1to5,incremental_delta,HistGradientBoostingRegressor,hgb_05_deeper_regularized,"{'max_iter': 120, 'max_leaf_nodes': 31, 'learning_rate': 0.04, 'l2_regularization': 0.1}",2020,2025,5,1223.0,1405.0,1012.9598760031932,392.04012399680676,-210.04012399680676,-0.17174172035716007,-392.04012399680676
대전|서구|중학교|대전관저중학교|본교,대전관저중학교,대전,서구,중학교,478.0,R3_multioutput_1to5_incremental_delta_HistGradientBoostingRegressor_hgb_05_deeper_regularized,R3,multioutput_1to5,incremental_delta,HistGradientBoostingRegressor,hgb_05_deeper_regularized,"{'max_iter': 120, 'max_leaf_nodes': 31, 'learning_rate': 0.04, 'l2_regularization': 0.1}",2019,2024,5,478.0,782.0,390.60330895437966,391.39669104562034,-87.39669104562034,-0.1828382657858166,-391.39669104562034
서울|양천구|초등학교|서울신은초등학교|본교,서울신은초등학교,서울,양천구,초등학교,1152.0,R3_multioutput_1to5_incremental_delta_HistGradientBoostingRegressor_hgb_05_deeper_regularized,R3,multioutput_1to5,incremental_delta,HistGradientBoostingRegressor,hgb_05_deeper_regularized,"{'max_iter': 120, 'max_leaf_nodes': 31, 'learning_rate': 0.04, 'l2_regularization': 0.1}",2017,2022,5,1152.0,720.0,1111.2341852235572,391.23418522355723,-40.76581477644277,-0.0353869919934399,391.23418522355723
서울|서초구|중학교|신반포중학교|본교,신반포중학교,서울,서초구,중학교,627.0,R3_multioutput_1to5_incremental_delta_HistGradientBoostingRegressor_hgb_05_deeper_regularized,R3,multioutput_1to5,incremental_delta,HistGradientBoostingRegressor,hgb_05_deeper_regularized,"{'max_iter': 120, 'max_leaf_nodes': 31, 'learning_rate': 0.04, 'l2_regularization': 0.1}",2020,2025,5,627.0,974.0,582.8084494393645,391.1915505606355,-44.191550560635505,-0.07048094188299124,-391.1915505606355
경북|구미시|초등학교|비산초등학교|본교,비산초등학교,경북,구미시,초등학교,529.0,R3_multioutput_1to5_incremental_delta_HistGradientBoostingRegressor_hgb_05_deeper_regularized,R3,multioutput_1to5,incremental_delta,HistGradientBoostingRegressor,hgb_05_deeper_regularized,"{'max_iter': 120, 'max_leaf_nodes': 31, 'learning_rate': 0.04, 'l2_regularization': 0.1}",2017,2022,5,529.0,870.0,481.60853526303634,388.39146473696366,-47.391464736963655,-0.08958688986193508,-388.39146473696366
인천|미추홀구|초등학교|인천용현초등학교|본교,인천용현초등학교,인천,미추홀구,초등학교,1179.0,R3_multioutput_1to5_incremental_delta_HistGradientBoostingRegressor_hgb_05_deeper_regularized,R3,multioutput_1to5,incremental_delta,HistGradientBoostingRegressor,hgb_05_deeper_regularized,"{'max_iter': 120, 'max_leaf_nodes': 31, 'learning_rate': 0.04, 'l2_regularization': 0.1}",2021,2025,4,1179.0,1403.0,1014.6381550129624,388.36184498703756,-164.36184498703756,-0.13940784138001489,-388.36184498703756
대구|북구|초등학교|대구침산초등학교|본교,대구침산초등학교,대구,북구,초등학교,797.0,R3_multioutput_1to5_incremental_delta_HistGradientBoostingRegressor_hgb_05_deeper_regularized,R3,multioutput_1to5,incremental_delta,HistGradientBoostingRegressor,hgb_05_deeper_regularized,"{'max_iter': 120, 'max_leaf_nodes': 31, 'learning_rate': 0.04, 'l2_regularization': 0.1}",2017,2022,5,797.0,1160.0,772.5665320876626,387.4334679123374,-24.43346791233739,-0.030656797882481043,-387.4334679123374
경북|포항시|중학교|포항제철중학교|본교,포항제철중학교,경북,포항시,중학교,1362.0,R3_multioutput_1to5_incremental_delta_HistGradientBoostingRegressor_hgb_05_deeper_regularized,R3,multioutput_1to5,incremental_delta,HistGradientBoostingRegressor,hgb_05_deeper_regularized,"{'max_iter': 120, 'max_leaf_nodes': 31, 'learning_rate': 0.04, 'l2_regularization': 0.1}",2017,2022,5,1362.0,1560.0,1173.2018901068038,386.79810989319617,-188.79810989319617,-0.138618289202053,-386.79810989319617
경기|화성시|중학교|남양중학교|본교,남양중학교,경기,화성시,중학교,810.0,R3_multioutput_1to5_incremental_delta_HistGradientBoostingRegressor_hgb_05_deeper_regularized,R3,multioutput_1to5,incremental_delta,HistGradientBoostingRegressor,hgb_05_deeper_regularized,"{'max_iter': 120, 'max_leaf_nodes': 31, 'learning_rate': 0.04, 'l2_regularization': 0.1}",2019,2023,4,810.0,405.0,791.6319155581537,386.63191555815365,-18.36808444184635,-0.022676647459069568,386.63191555815365
충남|아산시|중학교|탕정중학교|본교,탕정중학교,충남,아산시,중학교,770.0,R3_multioutput_1to5_incremental_delta_HistGradientBoostingRegressor_hgb_05_deeper_regularized,R3,multioutput_1to5,incremental_delta,HistGradientBoostingRegressor,hgb_05_deeper_regularized,"{'max_iter': 120, 'max_leaf_nodes': 31, 'learning_rate': 0.04, 'l2_regularization': 0.1}",2018,2022,4,770.0,1147.0,760.9580193966611,386.04198060333886,-9.041980603338857,-0.011742831952388125,-386.04198060333886
울산|북구|고등학교|호계고등학교|본교,호계고등학교,울산,북구,고등학교,684.0,R3_multioutput_1to5_incremental_delta_HistGradientBoostingRegressor_hgb_05_deeper_regularized,R3,multioutput_1to5,incremental_delta,HistGradientBoostingRegressor,hgb_05_deeper_regularized,"{'max_iter': 120, 'max_leaf_nodes': 31, 'learning_rate': 0.04, 'l2_regularization': 0.1}",2020,2025,5,684.0,1031.0,645.5243477465658,385.4756522534342,-38.47565225343419,-0.05625095358689209,-385.4756522534342
경기|시흥시|중학교|은계중학교|본교,은계중학교,경기,시흥시,중학교,648.0,R3_multioutput_1to5_incremental_delta_HistGradientBoostingRegressor_hgb_05_deeper_regularized,R3,multioutput_1to5,incremental_delta,HistGradientBoostingRegressor,hgb_05_deeper_regularized,"{'max_iter': 120, 'max_leaf_nodes': 31, 'learning_rate': 0.04, 'l2_regularization': 0.1}",2018,2023,5,648.0,925.0,540.3564480572458,384.64355194275424,-107.64355194275424,-0.16611659250425037,-384.64355194275424
전남|순천시|초등학교|순천용당초등학교|본교,순천용당초등학교,전남,순천시,초등학교,817.0,R3_multioutput_1to5_incremental_delta_HistGradientBoostingRegressor_hgb_05_deeper_regularized,R3,multioutput_1to5,incremental_delta,HistGradientBoostingRegressor,hgb_05_deeper_regularized,"{'max_iter': 120, 'max_leaf_nodes': 31, 'learning_rate': 0.04, 'l2_regularization': 0.1}",2019,2024,5,817.0,1091.0,707.5431632260805,383.45683677391946,-109.45683677391946,-0.13397409641850608,-383.45683677391946
경기|안산시|초등학교|관산초등학교|본교,관산초등학교,경기,안산시,초등학교,790.0,R3_multioutput_1to5_incremental_delta_HistGradientBoostingRegressor_hgb_05_deeper_regularized,R3,multioutput_1to5,incremental_delta,HistGradientBoostingRegressor,hgb_05_deeper_regularized,"{'max_iter': 120, 'max_leaf_nodes': 31, 'learning_rate': 0.04, 'l2_regularization': 0.1}",2019,2024,5,790.0,1179.0,795.6316379947165,383.36836200528353,5.6316379947164705,0.0071286556895145195,-383.36836200528353
충남|아산시|고등학교|설화고등학교|본교,설화고등학교,충남,아산시,고등학교,1063.0,R3_multioutput_1to5_incremental_delta_HistGradientBoostingRegressor_hgb_05_deeper_regularized,R3,multioutput_1to5,incremental_delta,HistGradientBoostingRegressor,hgb_05_deeper_regularized,"{'max_iter': 120, 'max_leaf_nodes': 31, 'learning_rate': 0.04, 'l2_regularization': 0.1}",2021,2025,4,1063.0,1388.0,1004.9342833767524,383.06571662324757,-58.06571662324757,-0.05462438064275406,-383.06571662324757
경기|부천시|초등학교|계남초등학교|본교,계남초등학교,경기,부천시,초등학교,985.0,R3_multioutput_1to5_incremental_delta_HistGradientBoostingRegressor_hgb_05_deeper_regularized,R3,multioutput_1to5,incremental_delta,HistGradientBoostingRegressor,hgb_05_deeper_regularized,"{'max_iter': 120, 'max_leaf_nodes': 31, 'learning_rate': 0.04, 'l2_regularization': 0.1}",2020,2025,5,985.0,1188.0,805.7486708665456,382.2513291334544,-179.25132913345442,-0.18198104480553748,-382.2513291334544
서울|강남구|중학교|중동중학교|본교,중동중학교,서울,강남구,중학교,593.0,R3_multioutput_1to5_incremental_delta_HistGradientBoostingRegressor_hgb_05_deeper_regularized,R3,multioutput_1to5,incremental_delta,HistGradientBoostingRegressor,hgb_05_deeper_regularized,"{'max_iter': 120, 'max_leaf_nodes': 31, 'learning_rate': 0.04, 'l2_regularization': 0.1}",2019,2024,5,593.0,951.0,570.5524005791854,380.44759942081464,-22.44759942081464,-0.03785429919193025,-380.44759942081464
